<?xml version="1.0" encoding="UTF-8"?>
<feature
      id="org.eclipse.datatools.sqldevtools.data.feature"
      label="%featureName"
      version="1.14.101.201811012051"
      provider-name="%providerName"
      image="eclipse_update_120.jpg">

   <description>
      %description
   </description>

   <copyright>
      %featureCopyright
   </copyright>

   <license url="%licenseURL">
      %license
   </license>

   <requires>
      <import feature="org.eclipse.datatools.modelbase.feature" version="1.13.0" match="greaterOrEqual"/>
      <import feature="org.eclipse.datatools.connectivity.feature" version="1.13.0" match="greaterOrEqual"/>
      <import feature="org.eclipse.datatools.sqldevtools.ddl.feature" version="1.13.0" match="greaterOrEqual"/>
   </requires>

   <plugin
         id="org.eclipse.datatools.sqltools.data.core"
         download-size="82"
         install-size="152"
         version="1.4.101.201811012051"
         unpack="false"/>

   <plugin
         id="org.eclipse.datatools.sqltools.data.ui"
         download-size="122"
         install-size="250"
         version="1.4.101.201811012051"
         unpack="false"/>

   <plugin
         id="org.eclipse.datatools.sqltools.tabledataeditor"
         download-size="34"
         install-size="63"
         version="1.2.101.201811012051"
         unpack="false"/>

   <plugin
         id="org.eclipse.datatools.sqltools.result.ui"
         download-size="369"
         install-size="798"
         version="1.3.101.201811012051"
         unpack="false"/>

   <plugin
         id="org.eclipse.datatools.sqltools.common.ui"
         download-size="228"
         install-size="438"
         version="1.2.101.201811012051"
         unpack="false"/>

</feature>
