<?xml version="1.0" encoding="UTF-8"?>
<feature
      id="org.eclipse.jst.web_core.feature"
      label="%featureName"
      version="3.13.0.v201903222115"
      provider-name="%providerName">

   <description>
      %description
   </description>

   <copyright>
      %copyright
   </copyright>

   <license url="%licenseURL">
      %license
   </license>

   <requires>
      <import feature="org.eclipse.wst.ws_core.feature"/>
      <import plugin="org.eclipse.jem"/>
      <import plugin="org.eclipse.jem.beaninfo.vm.common"/>
      <import plugin="org.eclipse.jem.beaninfo.vm"/>
      <import plugin="org.eclipse.jem.beaninfo"/>
      <import plugin="org.eclipse.jem.proxy"/>
      <import plugin="org.eclipse.jem.workbench"/>
      <import plugin="org.eclipse.jst.common.annotations.core"/>
      <import plugin="org.eclipse.jst.common.annotations.controller"/>
      <import plugin="org.eclipse.jst.common.frameworks"/>
      <import plugin="org.eclipse.jst.j2ee.web"/>
      <import plugin="org.eclipse.jst.jsp.core"/>
      <import plugin="org.eclipse.jst.j2ee.core"/>
      <import plugin="org.eclipse.jst.j2ee"/>
      <import plugin="org.eclipse.jst.jee"/>
      <import plugin="org.eclipse.jst.jee.web"/>
      <import plugin="org.eclipse.jst.standard.schemas"/>
   </requires>

</feature>
