<?xml version="1.0" encoding="UTF-8"?>
<feature
      id="org.eclipse.datatools.enablement.sqlite.feature"
      label="%FEATURE_NAME"
      version="1.14.101.201811012051"
      provider-name="%PROVIDER_NAME"
      plugin="org.eclipse.datatools.enablement.finfo">

   <description>
      %DESCRIPTION
   </description>

   <copyright>
      %featureCopyright
   </copyright>

   <license url="%LICENSE_URL">
      %license
   </license>

   <requires>
      <import feature="org.eclipse.datatools.modelbase.feature" version="1.13.0" match="greaterOrEqual"/>
      <import feature="org.eclipse.datatools.connectivity.feature" version="1.13.0" match="greaterOrEqual"/>
      <import feature="org.eclipse.datatools.sqldevtools.feature" version="1.13.0" match="greaterOrEqual"/>
      <import feature="org.eclipse.datatools.enablement.jdbc.feature" version="1.13.0" match="greaterOrEqual"/>
   </requires>

   <plugin
         id="org.eclipse.datatools.enablement.sqlite"
         download-size="24"
         install-size="41"
         version="1.2.101.201811012051"
         unpack="false"/>

   <plugin
         id="org.eclipse.datatools.enablement.sqlite.dbdefinition"
         download-size="11"
         install-size="18"
         version="1.2.101.201811012051"
         unpack="false"/>

   <plugin
         id="org.eclipse.datatools.enablement.sqlite.ui"
         download-size="25"
         install-size="42"
         version="1.2.101.201811012051"
         unpack="false"/>

   <plugin
         id="org.eclipse.datatools.enablement.finfo"
         download-size="17"
         install-size="20"
         version="1.7.101.201811012051"
         unpack="false"/>

</feature>
