<?xml version="1.0" encoding="UTF-8"?>
<java version="1.8.0_221" class="java.beans.XMLDecoder">
 <object class="org.eclipse.epp.internal.mpc.ui.catalog.MarketplaceInfo" id="MarketplaceInfo0">
  <void property="iuToNodeKey">
   <void method="put">
    <string>org.springframework.tooling.concourse.ls.feature</string>
    <object class="java.util.ArrayList">
     <void method="add">
      <string>http://marketplace.eclipse.org#1794107</string>
     </void>
    </object>
   </void>
   <void method="put">
    <string>org.springframework.ide.eclipse.boot.dash.feature</string>
    <object class="java.util.ArrayList">
     <void method="add">
      <string>http://marketplace.eclipse.org#1794107</string>
     </void>
    </object>
   </void>
   <void method="put">
    <string>org.springframework.tooling.bosh.ls.feature</string>
    <object class="java.util.ArrayList">
     <void method="add">
      <string>http://marketplace.eclipse.org#1794107</string>
     </void>
    </object>
   </void>
   <void method="put">
    <string>org.springframework.ide.eclipse.xml.namespaces.feature</string>
    <object class="java.util.ArrayList">
     <void method="add">
      <string>http://marketplace.eclipse.org#1794107</string>
     </void>
    </object>
   </void>
   <void method="put">
    <string>org.springframework.tooling.boot.ls.feature</string>
    <object class="java.util.ArrayList">
     <void method="add">
      <string>http://marketplace.eclipse.org#1794107</string>
     </void>
    </object>
   </void>
   <void method="put">
    <string>org.springsource.ide.eclipse.commons.quicksearch.feature</string>
    <object class="java.util.ArrayList">
     <void method="add">
      <string>http://marketplace.eclipse.org#1794107</string>
     </void>
    </object>
   </void>
   <void method="put">
    <string>org.springframework.boot.ide.main.feature</string>
    <object class="java.util.ArrayList">
     <void method="add">
      <string>http://marketplace.eclipse.org#1794107</string>
     </void>
    </object>
   </void>
   <void method="put">
    <string>org.springframework.tooling.cloudfoundry.manifest.ls.feature</string>
    <object class="java.util.ArrayList">
     <void method="add">
      <string>http://marketplace.eclipse.org#1794107</string>
     </void>
    </object>
   </void>
  </void>
  <void property="nodeKeyToIU">
   <void method="put">
    <string>http://marketplace.eclipse.org#1794107</string>
    <object class="java.util.ArrayList">
     <void method="add">
      <string>org.springframework.boot.ide.main.feature</string>
     </void>
     <void method="add">
      <string>org.springframework.tooling.boot.ls.feature</string>
     </void>
     <void method="add">
      <string>org.springframework.tooling.cloudfoundry.manifest.ls.feature</string>
     </void>
     <void method="add">
      <string>org.springframework.tooling.bosh.ls.feature</string>
     </void>
     <void method="add">
      <string>org.springframework.tooling.concourse.ls.feature</string>
     </void>
     <void method="add">
      <string>org.springsource.ide.eclipse.commons.quicksearch.feature</string>
     </void>
     <void method="add">
      <string>org.springframework.ide.eclipse.boot.dash.feature</string>
     </void>
     <void method="add">
      <string>org.springframework.ide.eclipse.xml.namespaces.feature</string>
     </void>
    </object>
   </void>
  </void>
 </object>
</java>
