<?xml version="1.0" encoding="UTF-8"?>
<feature
      id="org.eclipse.jst.enterprise_core.feature"
      label="%featureName"
      version="3.10.100.v201903222115"
      provider-name="%providerName">

   <description>
      %description
   </description>

   <copyright>
      %copyright
   </copyright>

   <license url="%licenseURL">
      %license
   </license>

   <requires>
      <import plugin="org.eclipse.jst.j2ee.webservice"/>
      <import plugin="org.eclipse.jst.j2ee.ejb"/>
      <import plugin="org.eclipse.jst.j2ee.jca"/>
      <import plugin="org.eclipse.jst.jee.ejb"/>
   </requires>

</feature>
