<?xml version="1.0" encoding="UTF-8"?>
<feature
      id="org.eclipse.datatools.modelbase.feature"
      label="%featureName"
      version="1.14.101.201811012051"
      provider-name="%providerName"
      plugin="org.eclipse.datatools.modelbase.sql"
      image="eclipse_update_120.jpg">

   <description>
      %description
   </description>

   <copyright>
      %featureCopyright
   </copyright>

   <license url="%licenseURL">
      %license
   </license>

   <requires>
      <import feature="org.eclipse.emf" version="2.4.0" match="greaterOrEqual"/>
   </requires>

   <plugin
         id="org.eclipse.datatools.modelbase.dbdefinition"
         download-size="166"
         install-size="446"
         version="1.2.101.201811012051"
         unpack="false"/>

   <plugin
         id="org.eclipse.datatools.modelbase.sql.edit"
         download-size="272"
         install-size="548"
         version="1.2.101.201811012051"
         unpack="false"/>

   <plugin
         id="org.eclipse.datatools.modelbase.sql.query"
         download-size="621"
         install-size="2405"
         version="1.3.201.201811012051"
         unpack="false"/>

   <plugin
         id="org.eclipse.datatools.modelbase.sql.query.edit"
         download-size="203"
         install-size="440"
         version="1.2.101.201811012051"
         unpack="false"/>

   <plugin
         id="org.eclipse.datatools.modelbase.sql.xml.query"
         download-size="253"
         install-size="719"
         version="1.2.101.201811012051"
         unpack="false"/>

   <plugin
         id="org.eclipse.datatools.modelbase.sql"
         download-size="566"
         install-size="2158"
         version="1.2.101.201811012051"
         unpack="false"/>

</feature>
