<?xml version="1.0" encoding="UTF-8"?>
<feature
      id="org.eclipse.datatools.enablement.jdbc.feature"
      label="%featureName"
      version="1.14.101.201811012051"
      provider-name="%providerName"
      plugin="org.eclipse.datatools.enablement.sybase"
      image="eclipse_update_120.jpg">

   <description>
      %description
   </description>

   <copyright>
      %featureCopyright
   </copyright>

   <license url="%licenseURL">
      %license
   </license>

   <requires>
      <import feature="org.eclipse.datatools.connectivity.feature" version="1.13.0" match="greaterOrEqual"/>
   </requires>

   <plugin
         id="org.eclipse.datatools.connectivity.db.generic"
         download-size="17"
         install-size="25"
         version="1.2.101.201811012051"
         unpack="false"/>

   <plugin
         id="org.eclipse.datatools.connectivity.db.generic.ui"
         download-size="33"
         install-size="59"
         version="1.2.101.201811012051"
         unpack="false"/>

   <plugin
         id="org.eclipse.datatools.connectivity.dbdefinition.genericJDBC"
         download-size="13"
         install-size="31"
         version="1.2.101.201811012051"
         unpack="false"/>

</feature>
