<?xml version="1.0" encoding="UTF-8"?>
<feature
      id="org.eclipse.datatools.enablement.mysql.feature"
      label="%featureName"
      version="1.14.101.201811012051"
      provider-name="%providerName"
      plugin="org.eclipse.datatools.enablement.finfo"
      image="eclipse_update_120.jpg">

   <description>
      %description
   </description>

   <copyright>
      %featureCopyright
   </copyright>

   <license url="%licenseURL">
      %license
   </license>

   <requires>
      <import feature="org.eclipse.datatools.modelbase.feature" version="1.13.0" match="greaterOrEqual"/>
      <import feature="org.eclipse.datatools.connectivity.feature" version="1.13.0" match="greaterOrEqual"/>
      <import feature="org.eclipse.datatools.enablement.jdbc.feature" version="1.13.0" match="greaterOrEqual"/>
   </requires>

   <plugin
         id="org.eclipse.datatools.enablement.mysql.dbdefinition"
         download-size="22"
         install-size="99"
         version="1.2.101.201811012051"
         unpack="false"/>

   <plugin
         id="org.eclipse.datatools.enablement.mysql"
         download-size="74"
         install-size="169"
         version="1.2.101.201811012051"
         unpack="false"/>

   <plugin
         id="org.eclipse.datatools.enablement.mysql.ui"
         download-size="16"
         install-size="24"
         version="1.2.101.201811012051"
         unpack="false"/>

   <plugin
         id="org.eclipse.datatools.enablement.finfo"
         download-size="17"
         install-size="20"
         version="1.7.101.201811012051"
         unpack="false"/>

</feature>
