<?xml version="1.0" encoding="UTF-8"?>
<feature
      id="org.eclipse.eclemma.feature"
      label="%featureName"
      version="3.1.2.201903112331"
      provider-name="%providerName"
      plugin="org.eclipse.eclemma.ui">

   <description url="http://www.eclemma.org/">
      Java code coverage analysis for the Eclipse IDE based on the JaCoCo code coverage library ( http://www.jacoco.org/jacoco )
   </description>

   <copyright url="http://www.eclemma.org/">
      Copyright (c) 2006, 2017 Mountainminds GmbH &amp; Co. KG and Contributors
   </copyright>

   <license url="%licenseURL">
      %license
   </license>

   <url>
      <update label="EclEmma Updates" url="http://update.eclemma.org/"/>
   </url>

   <requires>
      <import feature="org.eclipse.jdt" version="3.8.0" match="greaterOrEqual"/>
      <import feature="org.eclipse.rcp" version="3.8.0" match="greaterOrEqual"/>
      <import feature="org.eclipse.platform" version="3.8.0" match="greaterOrEqual"/>
   </requires>

   <plugin
         id="org.eclipse.eclemma.core"
         download-size="98"
         install-size="204"
         version="3.1.2.201903112331"
         unpack="false"/>

   <plugin
         id="org.eclipse.eclemma.doc"
         download-size="223"
         install-size="265"
         version="3.1.2.201903112331"
         unpack="false"/>

   <plugin
         id="org.eclipse.eclemma.ui"
         download-size="304"
         install-size="553"
         version="3.1.2.201903112331"
         unpack="false"/>

   <plugin
         id="org.jacoco.agent"
         download-size="280"
         install-size="323"
         version="0.8.3.v20190219-1601"
         unpack="false"/>

   <plugin
         id="org.jacoco.core"
         download-size="217"
         install-size="414"
         version="0.8.3.v20190219-1601"
         unpack="false"/>

   <plugin
         id="org.jacoco.report"
         download-size="144"
         install-size="310"
         version="0.8.3.v20190219-1601"
         unpack="false"/>

   <plugin
         id="org.objectweb.asm"
         download-size="122"
         install-size="242"
         version="7.0.0.v20181030-2244"
         unpack="false"/>

   <plugin
         id="org.objectweb.asm.commons"
         download-size="90"
         install-size="185"
         version="7.0.0.v20181030-2244"
         unpack="false"/>

   <plugin
         id="org.objectweb.asm.tree"
         download-size="62"
         install-size="120"
         version="7.0.0.v20181030-2244"
         unpack="false"/>

</feature>
