<?xml version='1.0' encoding='UTF-8'?>
<?artifactRepository version='1.1.0'?>
<repository name='download cache' type='org.eclipse.equinox.p2.artifact.repository.simpleRepository' version='1.0.0'>
  <properties size='2'>
    <property name='p2.system' value='true'/>
    <property name='p2.timestamp' value='1564159660302'/>
  </properties>
  <mappings size='3'>
    <rule filter='(&amp; (classifier=osgi.bundle))' output='${repoUrl}/plugins/${id}_${version}.jar'/>
    <rule filter='(&amp; (classifier=binary))' output='${repoUrl}/binary/${id}_${version}'/>
    <rule filter='(&amp; (classifier=org.eclipse.update.feature))' output='${repoUrl}/features/${id}_${version}.jar'/>
  </mappings>
  <artifacts size='6'>
    <artifact classifier='binary' id='org.eclipse.platform_root' version='4.12.0.v20190605-1801'>
      <properties size='1'>
        <property name='download.size' value='196'/>
      </properties>
    </artifact>
    <artifact classifier='binary' id='epp.package.jee.executable.win32.win32.x86_64' version='4.12.0.20190614-1200'>
      <properties size='1'>
        <property name='download.size' value='144552'/>
      </properties>
    </artifact>
    <artifact classifier='binary' id='org.eclipse.rcp_root' version='4.12.0.v20190605-1801'>
      <properties size='1'>
        <property name='download.size' value='26271'/>
      </properties>
    </artifact>
    <artifact classifier='binary' id='org.eclipse.platform.ide.executable.win32.win32.x86_64' version='4.12.0.I20190605-1800'>
      <properties size='1'>
        <property name='download.size' value='144553'/>
      </properties>
    </artifact>
    <artifact classifier='binary' id='org.springframework.boot.ide.main.feature_root' version='4.3.1.201907120711-RELEASE'>
      <properties size='1'>
        <property name='download.size' value='4303'/>
      </properties>
    </artifact>
    <artifact classifier='binary' id='epp.package.java.executable.win32.win32.x86_64' version='4.12.0.20190614-1200'>
      <properties size='1'>
        <property name='download.size' value='144552'/>
      </properties>
    </artifact>
  </artifacts>
</repository>
