<?xml version="1.0" encoding="UTF-8"?>
<feature
      id="org.eclipse.datatools.sqldevtools.schemaobjecteditor.feature"
      label="%featureName"
      version="1.14.101.201811012051"
      provider-name="%providerName"
      image="eclipse_update_120.jpg">

   <description>
      %description
   </description>

   <copyright>
      %featureCopyright
   </copyright>

   <license url="%licenseURL">
      %license
   </license>

   <requires>
      <import feature="org.eclipse.draw2d" version="3.4.0" match="greaterOrEqual"/>
      <import feature="org.eclipse.datatools.sqldevtools.sqlbuilder.feature" version="1.13.0" match="greaterOrEqual"/>
   </requires>

   <plugin
         id="org.eclipse.datatools.sqltools.schemaobjecteditor"
         download-size="21"
         install-size="34"
         version="1.3.101.201811012051"
         unpack="false"/>

   <plugin
         id="org.eclipse.datatools.sqltools.schemaobjecteditor.ui"
         download-size="232"
         install-size="504"
         version="1.3.101.201811012051"
         unpack="false"/>

   <plugin
         id="org.eclipse.datatools.sqltools.schemaobjecteditor.ui.pages"
         download-size="71"
         install-size="118"
         version="1.3.101.201811012051"
         unpack="false"/>

</feature>
