<?xml version="1.0" encoding="UTF-8"?>
<feature
      id="org.eclipse.jst.web_ui.feature"
      label="%featureName"
      version="3.12.0.v201903222115"
      provider-name="%providerName">

   <description>
      %description
   </description>

   <copyright>
      %copyright
   </copyright>

   <license url="%licenseURL">
      %license
   </license>

   <requires>
      <import feature="org.eclipse.wst.ws_ui.feature"/>
      <import feature="org.eclipse.jst.web_userdoc.feature"/>
      <import feature="org.eclipse.jst.web_core.feature"/>
      <import plugin="org.eclipse.wst.jsdt.web.support.jsp"/>
      <import plugin="org.eclipse.jst.common.annotations.ui"/>
      <import plugin="org.eclipse.jst.common.ui"/>
      <import plugin="org.eclipse.jst.jsp.ui"/>
      <import plugin="org.eclipse.jst.jsp.ui.infopop"/>
      <import plugin="org.eclipse.wst.jsdt.debug.rhino.ui"/>
   </requires>

</feature>
