<?xml version="1.0" encoding="UTF-8"?>
<feature
      id="org.eclipse.datatools.enablement.ibm.feature"
      label="%featureName"
      version="1.14.101.201811012051"
      provider-name="%providerName"
      plugin="org.eclipse.datatools.enablement.ibm"
      image="eclipse_update_120.jpg">

   <description>
      %description
   </description>

   <copyright>
      %featureCopyright
   </copyright>

   <license url="%licenseURL">
      %license
   </license>

   <requires>
      <import feature="org.eclipse.datatools.modelbase.feature" version="1.13.0" match="greaterOrEqual"/>
      <import feature="org.eclipse.datatools.connectivity.feature" version="1.13.0" match="greaterOrEqual"/>
      <import feature="org.eclipse.datatools.enablement.jdbc.feature" version="1.13.0" match="greaterOrEqual"/>
   </requires>

   <plugin
         id="org.eclipse.datatools.enablement.ibm"
         download-size="290"
         install-size="718"
         version="1.2.101.201811012051"
         unpack="false"/>

   <plugin
         id="org.eclipse.datatools.enablement.ibm.db2"
         download-size="283"
         install-size="684"
         version="1.2.101.201811012051"
         unpack="false"/>

   <plugin
         id="org.eclipse.datatools.enablement.ibm.db2.iseries.dbdefinition"
         download-size="19"
         install-size="78"
         version="1.2.101.201811012051"
         unpack="false"/>

   <plugin
         id="org.eclipse.datatools.enablement.ibm.db2.iseries"
         download-size="18"
         install-size="33"
         version="1.2.101.201811012051"
         unpack="false"/>

   <plugin
         id="org.eclipse.datatools.enablement.ibm.db2.iseries.ui"
         download-size="31"
         install-size="56"
         version="1.2.101.201811012051"
         unpack="false"/>

   <plugin
         id="org.eclipse.datatools.enablement.ibm.db2.luw.dbdefinition"
         download-size="65"
         install-size="404"
         version="1.2.101.201811012051"
         unpack="false"/>

   <plugin
         id="org.eclipse.datatools.enablement.ibm.db2.luw"
         download-size="819"
         install-size="2072"
         version="1.2.101.201811012051"
         unpack="false"/>

   <plugin
         id="org.eclipse.datatools.enablement.ibm.db2.luw.ui"
         download-size="38"
         install-size="71"
         version="1.2.101.201811012051"
         unpack="false"/>

   <plugin
         id="org.eclipse.datatools.enablement.ibm.db2.zseries.dbdefinition"
         download-size="37"
         install-size="197"
         version="1.2.101.201811012051"
         unpack="false"/>

   <plugin
         id="org.eclipse.datatools.enablement.ibm.db2.zseries"
         download-size="18"
         install-size="32"
         version="1.2.101.201811012051"
         unpack="false"/>

   <plugin
         id="org.eclipse.datatools.enablement.ibm.db2.zseries.ui"
         download-size="25"
         install-size="43"
         version="1.2.101.201811012051"
         unpack="false"/>

   <plugin
         id="org.eclipse.datatools.enablement.ibm.informix.dbdefinition"
         download-size="33"
         install-size="167"
         version="1.2.101.201811012051"
         unpack="false"/>

   <plugin
         id="org.eclipse.datatools.enablement.ibm.informix"
         download-size="16"
         install-size="43"
         version="1.2.101.201811012051"
         unpack="false"/>

   <plugin
         id="org.eclipse.datatools.enablement.ibm.informix.ui"
         download-size="26"
         install-size="49"
         version="1.2.101.201811012051"
         unpack="false"/>

   <plugin
         id="org.eclipse.datatools.enablement.ibm.ui"
         download-size="20"
         install-size="33"
         version="1.2.101.201811012051"
         unpack="false"/>

</feature>
