<?xml version="1.0" encoding="UTF-8"?>
<feature
      id="org.eclipse.datatools.connectivity.feature"
      label="%featureName"
      version="1.14.101.201811012051"
      provider-name="%providerName"
      plugin="org.eclipse.datatools.connectivity"
      image="eclipse_update_120.jpg">

   <description>
      %description
   </description>

   <copyright>
      %featureCopyright
   </copyright>

   <license url="%licenseURL">
      %license
   </license>

   <requires>
      <import feature="org.eclipse.datatools.modelbase.feature" version="1.13.0" match="greaterOrEqual"/>
   </requires>

   <plugin
         id="org.eclipse.datatools.connectivity.sqm.core.ui"
         download-size="340"
         install-size="716"
         version="1.4.101.201811012051"
         unpack="false"/>

   <plugin
         id="org.eclipse.datatools.connectivity.sqm.core"
         download-size="344"
         install-size="808"
         version="1.4.101.201811012051"
         unpack="false"/>

   <plugin
         id="org.eclipse.datatools.connectivity.sqm.server.ui"
         download-size="122"
         install-size="250"
         version="1.3.101.201811012051"
         unpack="false"/>

   <plugin
         id="org.eclipse.datatools.connectivity.ui.dse"
         download-size="81"
         install-size="178"
         version="1.3.101.201811012051"
         unpack="false"/>

   <plugin
         id="org.eclipse.datatools.connectivity.ui"
         download-size="563"
         install-size="1200"
         version="1.4.101.201811012051"
         unpack="false"/>

   <plugin
         id="org.eclipse.datatools.connectivity"
         download-size="271"
         install-size="604"
         version="1.14.101.201811012051"
         unpack="false"/>

   <plugin
         id="org.eclipse.datatools.help"
         download-size="17"
         install-size="31"
         version="1.7.101.201811012051"
         unpack="false"/>

   <plugin
         id="org.eclipse.datatools.connectivity.console.profile"
         download-size="30"
         install-size="55"
         version="1.2.101.201811012051"
         unpack="false"/>

</feature>
