<?xml version="1.0" encoding="UTF-8"?>
<feature
      id="org.eclipse.jgit.ssh.apache"
      label="%featureName"
      version="5.4.0.201906121030-r"
      provider-name="%providerName">

   <description url="http://www.eclipse.org/jgit/">
      %description
   </description>

   <copyright>
      %copyright
   </copyright>

   <license url="%licenseURL">
      %license
   </license>

   <url>
      <update label="%updateSiteName" url="http://download.eclipse.org/egit/updates"/>
      <discovery label="%updateSiteName" url="http://download.eclipse.org/egit/updates"/>
   </url>

   <requires>
      <import feature="org.eclipse.jgit" version="5.4.0" match="equivalent"/>
   </requires>

   <plugin
         id="org.eclipse.jgit.ssh.apache"
         download-size="149"
         install-size="317"
         version="5.4.0.201906121030-r"
         unpack="false"/>

   <plugin
         id="org.apache.sshd.osgi"
         download-size="1514"
         install-size="3457"
         version="2.2.0.v20190425-2127"
         unpack="false"/>

   <plugin
         id="org.apache.sshd.sftp"
         download-size="323"
         install-size="739"
         version="2.2.0.v20190425-2127"
         unpack="false"/>

   <plugin
         id="net.i2p.crypto.eddsa"
         download-size="86"
         install-size="173"
         version="0.3.0.v20181102-1323"
         unpack="false"/>

</feature>
