<?xml version="1.0" encoding="UTF-8"?>
<feature
      id="org.eclipse.datatools.sdk.feature"
      label="%featureName"
      version="1.14.101.201811012051"
      provider-name="%providerName"
      plugin="org.eclipse.datatools.sdk"
      image="eclipse_update_120.jpg">

   <description>
      %description
   </description>

   <copyright>
      %featureCopyright
   </copyright>

   <license url="%licenseURL">
      %license
   </license>

   <requires>
     <import feature="org.eclipse.pde" version="3.4.0" match="greaterOrEqual"/>

     <import feature="org.eclipse.datatools.intro"/>
     <import feature="org.eclipse.datatools.doc.user"/>
     <import feature="org.eclipse.datatools.common.doc.user"/>
     <import feature="org.eclipse.datatools.connectivity.doc.user"/>
     <import feature="org.eclipse.datatools.sqltools.doc.user"/>
   </requires>

   <plugin
         id="org.eclipse.datatools.doc.isv"
         download-size="202"
         install-size="529"
         version="1.14.101.201811012051"
         unpack="false"/>

   <plugin
         id="org.eclipse.datatools.sdk"
         download-size="14"
         install-size="18"
         version="1.9.101.201811012051"
         unpack="false"/>

   <plugin
         id="org.eclipse.datatools.connectivity.ui.templates"
         download-size="75"
         install-size="136"
         version="1.2.101.201811012051"
         unpack="false"/>

</feature>
