<?xml version="1.0" encoding="UTF-8"?>
<feature
      id="org.eclipse.egit.mylyn"
      label="%featureName"
      version="5.4.0.201906121030-r"
      provider-name="%providerName"
      plugin="org.eclipse.egit">

   <description url="http://www.eclipse.org/egit/">
      %description
   </description>

   <copyright>
      %copyright
   </copyright>

   <license url="%licenseURL">
      %license
   </license>

   <url>
      <update label="%updateSiteName" url="http://download.eclipse.org/egit/updates"/>
      <discovery label="%updateSiteName" url="http://download.eclipse.org/egit/updates"/>
   </url>

   <requires>
      <import feature="org.eclipse.egit" version="5.4.0" match="equivalent"/>
      <import feature="org.eclipse.mylyn.team_feature" version="3.20.0" match="greaterOrEqual"/>
   </requires>

   <plugin
         id="org.eclipse.egit.mylyn.ui"
         download-size="25"
         install-size="44"
         version="5.4.0.201906121030-r"
         unpack="false"/>

</feature>
